{
  "step": [
    0,
    100,
    200,
    300,
    400,
    500,
    600,
    700,
    800,
    900,
    1000,
    1100,
    1200,
    1300,
    1400,
    1500,
    1600,
    1700,
    1800,
    1900,
    2000,
    2100,
    2200,
    2300,
    2400,
    2500,
    2600,
    2700,
    2800,
    2900,
    3000,
    3100,
    3200,
    3300,
    3400,
    3500,
    3600,
    3700,
    3800,
    3900,
    4000,
    4100,
    4200,
    4300,
    4400,
    4500
  ],
  "train_loss": [
    10.860943794250488,
    9.02491283416748,
    6.9070024490356445,
    4.45599889755249,
    2.8360910415649414,
    1.8052072525024414,
    1.3123396635055542,
    0.9557279944419861,
    0.7873467803001404,
    0.7181777358055115,
    0.544818639755249,
    0.4532574415206909,
    0.3773196339607239,
    0.41791030764579773,
    0.30996638536453247,
    0.28091540932655334,
    0.26548606157302856,
    0.22223111987113953,
    0.23742417991161346,
    0.1994529664516449,
    0.21049098670482635,
    0.16267457604408264,
    0.15718327462673187,
    0.1564326137304306,
    0.16155275702476501,
    0.1566641628742218,
    0.17009639739990234,
    0.1370338499546051,
    0.13626457750797272,
    0.15731409192085266,
    0.1308523714542389,
    0.10023036599159241,
    0.11579090356826782,
    0.13120535016059875,
    0.10108055174350739,
    0.1088239923119545,
    0.09622111916542053,
    0.0914587751030922,
    0.1226576417684555,
    0.09869441390037537,
    0.09190565347671509,
    0.0950891301035881,
    0.09561441093683243,
    0.09721235185861588,
    0.09297753125429153,
    0.07771120965480804
  ],
  "val_loss": [
    10.862741470336914,
    9.322702407836914,
    7.183257579803467,
    4.982085227966309,
    3.4037694931030273,
    2.548794984817505,
    1.898306131362915,
    1.5321664810180664,
    1.3529839515686035,
    1.162124514579773,
    1.0446827411651611,
    0.9761421084403992,
    1.013522744178772,
    0.8872083425521851,
    0.8071783185005188,
    0.7883918881416321,
    0.7825071215629578,
    0.7019444108009338,
    0.6696524620056152,
    0.7198243141174316,
    0.7086055278778076,
    0.670493483543396,
    0.607754111289978,
    0.5831234455108643,
    0.5592859387397766,
    0.5416439175605774,
    0.5343447327613831,
    0.5068691968917847,
    0.5851653814315796,
    0.533251941204071,
    0.4999258518218994,
    0.5557690262794495,
    0.4812222719192505,
    0.45379638671875,
    0.4422174096107483,
    0.4242245554924011,
    0.4422534704208374,
    0.445880651473999,
    0.4579988718032837,
    0.38706910610198975,
    0.44439175724983215,
    0.39780130982398987,
    0.40956079959869385,
    0.377807080745697,
    0.35720184445381165,
    0.3972201645374298
  ],
  "ppl": [
    52194.97319758811,
    11189.178757218551,
    1317.192135419095,
    145.77804539664828,
    30.077262664722188,
    12.791680322779113,
    6.674579001513259,
    4.628192860584138,
    3.8689530919488915,
    3.196717539951746,
    2.842496573432576,
    2.654196861196394,
    2.755290121110915,
    2.42834108354911,
    2.241574046681091,
    2.1998559658253662,
    2.1869483433821015,
    2.0176720791847975,
    1.9535582669222915,
    2.054072307435826,
    2.0311568912222615,
    1.9552019425865168,
    1.836302632791469,
    1.7916257457633835,
    1.7494228590975833,
    1.718830155994991,
    1.7063297738473007,
    1.660085649118226,
    1.7952878683675462,
    1.7044661295492902,
    1.6485990255538936,
    1.743281098393867,
    1.6180508922121735,
    1.57427742104802,
    1.55615402650062,
    1.5284047669369347,
    1.5562101436872486,
    1.5618650491182187,
    1.5809072194860798,
    1.4726582574284977,
    1.5595413275847134,
    1.4885482406111104,
    1.5061561354459723,
    1.4590814308205207,
    1.42932434193077,
    1.4876834291321588
  ],
  "token_acc": [
    0.0012239583333333334,
    0.18352213541666668,
    0.28060221354166665,
    0.3446223958333333,
    0.5084537760416666,
    0.5741048177083333,
    0.6399055989583333,
    0.690673828125,
    0.7217057291666666,
    0.7648990885416667,
    0.8004947916666667,
    0.8193977864583334,
    0.821669921875,
    0.8454069010416667,
    0.860126953125,
    0.868369140625,
    0.8706087239583333,
    0.88115234375,
    0.8883854166666667,
    0.878017578125,
    0.878984375,
    0.8873893229166666,
    0.8977571614583333,
    0.9007877604166666,
    0.9045377604166667,
    0.9074381510416667,
    0.9075130208333333,
    0.913369140625,
    0.9007421875,
    0.912431640625,
    0.915927734375,
    0.9050618489583333,
    0.9174934895833333,
    0.9251888020833333,
    0.9263671875,
    0.9295670572916667,
    0.9270638020833334,
    0.9250651041666667,
    0.9242122395833333,
    0.9366145833333334,
    0.9297688802083334,
    0.9350716145833333,
    0.9340397135416667,
    0.939755859375,
    0.94263671875,
    0.9366634114583333
  ],
  "f1_tok": [
    0.28376877296264685,
    0.1044631776980409,
    0.1887325468179853,
    0.30451468920459146,
    0.5277270396840026,
    0.5968266842140929,
    0.7011228827973811,
    0.6893129986710469,
    0.774158151591716,
    0.7458254407105811,
    0.8711082430843795,
    0.9106501910761308,
    0.9037698114020106,
    0.8975833790377348,
    0.901345956326781,
    0.8297315406362753,
    0.8919632459125888,
    0.8931240672266995,
    0.8900638859095281,
    0.9086607074495747,
    0.9134523223420871,
    0.9109293648361527,
    0.9531343327569679,
    0.8957873098597151,
    0.8828492215564957,
    0.9168561516360606,
    0.936922287879747,
    0.927393224622314,
    0.9038295431995265,
    0.9026108083826865,
    0.9310707073180495,
    0.9057874902182823,
    0.8771411606941619,
    0.9830938598645785,
    0.952104510169703,
    0.942325589797746,
    0.9359329370057718,
    0.9312301622497428,
    0.9036503319030219,
    0.9369554263492497,
    0.940509100646674,
    0.9110428611130237,
    0.9315025935750647,
    0.9376774875576132,
    0.9827059726751619,
    0.9359753048782349
  ]
}